edge_id,lane_id,lane_index,length_m,speed_mps,edge_type,road_weight
cg_edge_0,cg_edge_0_0,0,55.639,0.000,city_road,0.700
cg_edge_1,cg_edge_1_0,0,76.331,0.000,city_road,0.700
cg_edge_2,cg_edge_2_0,0,87.596,0.000,city_road,0.700
cg_edge_3,cg_edge_3_0,0,43.828,0.000,city_road,0.700
cg_edge_4,cg_edge_4_0,0,112.721,0.000,city_road,0.700
cg_edge_5,cg_edge_5_0,0,26.651,0.000,city_road,0.700
cg_edge_6,cg_edge_6_0,0,43.642,0.000,city_road,0.700
cg_edge_7,cg_edge_7_0,0,356.522,0.000,city_road,0.700
cg_edge_8,cg_edge_8_0,0,74.104,0.000,city_road,0.700
cg_edge_9,cg_edge_9_0,0,36.833,0.000,city_road,0.700
cg_edge_10,cg_edge_10_0,0,23.603,0.000,city_road,0.700
cg_edge_11,cg_edge_11_0,0,27.060,0.000,city_road,0.700
cg_edge_12,cg_edge_12_0,0,91.699,0.000,city_road,0.700
cg_edge_13,cg_edge_13_0,0,99.671,0.000,city_road,0.700
cg_edge_14,cg_edge_14_0,0,332.583,0.000,city_road,0.700
cg_edge_15,cg_edge_15_0,0,60.299,0.000,city_road,0.700
cg_edge_16,cg_edge_16_0,0,30.417,0.000,city_road,0.700
cg_edge_17,cg_edge_17_0,0,12.274,0.000,city_road,0.700
cg_edge_18,cg_edge_18_0,0,68.878,0.000,city_road,0.700
cg_edge_19,cg_edge_19_0,0,123.382,0.000,city_road,0.700
cg_edge_20,cg_edge_20_0,0,132.974,0.000,city_road,0.700
cg_edge_21,cg_edge_21_0,0,88.296,0.000,city_road,0.700
cg_edge_22,cg_edge_22_0,0,78.542,0.000,city_road,0.700
cg_edge_23,cg_edge_23_0,0,98.550,0.000,city_road,0.700
cg_edge_24,cg_edge_24_0,0,71.380,0.000,city_road,0.700
cg_edge_25,cg_edge_25_0,0,73.423,0.000,city_road,0.700
cg_edge_26,cg_edge_26_0,0,65.812,0.000,city_road,0.700
cg_edge_27,cg_edge_27_0,0,33.707,0.000,city_road,0.700
cg_edge_28,cg_edge_28_0,0,137.511,0.000,city_road,0.700
cg_edge_29,cg_edge_29_0,0,141.755,0.000,city_road,0.700
cg_edge_30,cg_edge_30_0,0,37.268,0.000,city_road,0.700
cg_edge_31,cg_edge_31_0,0,428.290,0.000,city_road,0.700
cg_edge_32,cg_edge_32_0,0,78.617,0.000,city_road,0.700
cg_edge_33,cg_edge_33_0,0,76.612,0.000,city_road,0.700
cg_edge_34,cg_edge_34_0,0,55.846,0.000,city_road,0.700
cg_edge_35,cg_edge_35_0,0,150.407,0.000,city_road,0.700
cg_edge_36,cg_edge_36_0,0,198.674,0.000,city_road,0.700
cg_edge_37,cg_edge_37_0,0,377.220,0.000,city_road,0.700
cg_edge_38,cg_edge_38_0,0,179.061,0.000,city_road,0.700
cg_edge_39,cg_edge_39_0,0,207.868,0.000,city_road,0.700
cg_edge_40,cg_edge_40_0,0,123.878,0.000,city_road,0.700
cg_edge_41,cg_edge_41_0,0,78.508,0.000,city_road,0.700
cg_edge_42,cg_edge_42_0,0,133.405,0.000,city_road,0.700
cg_edge_43,cg_edge_43_0,0,47.276,0.000,city_road,0.700
cg_edge_44,cg_edge_44_0,0,110.314,0.000,city_road,0.700
cg_edge_45,cg_edge_45_0,0,164.576,0.000,city_road,0.700
cg_edge_46,cg_edge_46_0,0,46.333,0.000,city_road,0.700
cg_edge_47,cg_edge_47_0,0,121.875,0.000,city_road,0.700
cg_edge_48,cg_edge_48_0,0,36.021,0.000,city_road,0.700
cg_edge_49,cg_edge_49_0,0,204.339,0.000,city_road,0.700
cg_edge_50,cg_edge_50_0,0,406.541,0.000,city_road,0.700
cg_edge_51,cg_edge_51_0,0,52.067,0.000,city_road,0.700
cg_edge_52,cg_edge_52_0,0,37.601,0.000,city_road,0.700
cg_edge_53,cg_edge_53_0,0,170.861,0.000,city_road,0.700
cg_edge_54,cg_edge_54_0,0,51.706,0.000,city_road,0.700
cg_edge_55,cg_edge_55_0,0,76.957,0.000,city_road,0.700
cg_edge_56,cg_edge_56_0,0,79.907,0.000,city_road,0.700
cg_edge_57,cg_edge_57_0,0,151.701,0.000,city_road,0.700
cg_edge_58,cg_edge_58_0,0,67.166,0.000,city_road,0.700
cg_edge_59,cg_edge_59_0,0,136.347,0.000,city_road,0.700
cg_edge_60,cg_edge_60_0,0,92.094,0.000,city_road,0.700
cg_edge_61,cg_edge_61_0,0,142.168,0.000,city_road,0.700
cg_edge_62,cg_edge_62_0,0,67.033,0.000,city_road,0.700
cg_edge_63,cg_edge_63_0,0,325.860,0.000,city_road,0.700
cg_edge_64,cg_edge_64_0,0,140.740,0.000,city_road,0.700
cg_edge_65,cg_edge_65_0,0,52.655,0.000,city_road,0.700
cg_edge_66,cg_edge_66_0,0,178.220,0.000,city_road,0.700
cg_edge_67,cg_edge_67_0,0,9.417,0.000,city_road,0.700
cg_edge_68,cg_edge_68_0,0,36.567,0.000,city_road,0.700
cg_edge_69,cg_edge_69_0,0,392.227,0.000,city_road,0.700
cg_edge_70,cg_edge_70_0,0,105.587,0.000,city_road,0.700
cg_edge_71,cg_edge_71_0,0,28.646,0.000,city_road,0.700
cg_edge_72,cg_edge_72_0,0,46.388,0.000,city_road,0.700
cg_edge_73,cg_edge_73_0,0,34.631,0.000,city_road,0.700
cg_edge_74,cg_edge_74_0,0,11.763,0.000,city_road,0.700
cg_edge_75,cg_edge_75_0,0,9.382,0.000,city_road,0.700
cg_edge_76,cg_edge_76_0,0,54.021,0.000,city_road,0.700
cg_edge_77,cg_edge_77_0,0,35.834,0.000,city_road,0.700
cg_edge_78,cg_edge_78_0,0,39.694,0.000,city_road,0.700
cg_edge_79,cg_edge_79_0,0,34.987,0.000,city_road,0.700
cg_edge_80,cg_edge_80_0,0,55.828,0.000,city_road,0.700
cg_edge_81,cg_edge_81_0,0,161.769,0.000,city_road,0.700
cg_edge_82,cg_edge_82_0,0,133.255,0.000,city_road,0.700
cg_edge_83,cg_edge_83_0,0,184.624,0.000,city_road,0.700
cg_edge_84,cg_edge_84_0,0,171.524,0.000,city_road,0.700
cg_edge_85,cg_edge_85_0,0,80.441,0.000,city_road,0.700
cg_edge_86,cg_edge_86_0,0,74.062,0.000,city_road,0.700
cg_edge_87,cg_edge_87_0,0,45.187,0.000,city_road,0.700
cg_edge_88,cg_edge_88_0,0,108.456,0.000,city_road,0.700
cg_edge_89,cg_edge_89_0,0,58.603,0.000,city_road,0.700
cg_edge_90,cg_edge_90_0,0,21.256,0.000,city_road,0.700
cg_edge_91,cg_edge_91_0,0,28.319,0.000,city_road,0.700
cg_edge_92,cg_edge_92_0,0,79.464,0.000,city_road,0.700
cg_edge_93,cg_edge_93_0,0,27.072,0.000,city_road,0.700
cg_edge_94,cg_edge_94_0,0,58.805,0.000,city_road,0.700
cg_edge_95,cg_edge_95_0,0,88.574,0.000,city_road,0.700
cg_edge_96,cg_edge_96_0,0,300.990,0.000,city_road,0.700
cg_edge_97,cg_edge_97_0,0,238.944,0.000,city_road,0.700
cg_edge_98,cg_edge_98_0,0,485.997,0.000,city_road,0.700
cg_edge_99,cg_edge_99_0,0,115.124,0.000,city_road,0.700
cg_edge_100,cg_edge_100_0,0,220.782,0.000,city_road,0.700
cg_edge_101,cg_edge_101_0,0,45.290,0.000,city_road,0.700
cg_edge_102,cg_edge_102_0,0,176.598,0.000,city_road,0.700
cg_edge_103,cg_edge_103_0,0,204.964,0.000,city_road,0.700
cg_edge_104,cg_edge_104_0,0,517.619,0.000,city_road,0.700
cg_edge_105,cg_edge_105_0,0,40.646,0.000,city_road,0.700
cg_edge_106,cg_edge_106_0,0,160.043,0.000,city_road,0.700
cg_edge_107,cg_edge_107_0,0,44.774,0.000,city_road,0.700
cg_edge_108,cg_edge_108_0,0,49.048,0.000,city_road,0.700
cg_edge_109,cg_edge_109_0,0,208.095,0.000,city_road,0.700
cg_edge_110,cg_edge_110_0,0,134.231,0.000,city_road,0.700
cg_edge_111,cg_edge_111_0,0,42.989,0.000,city_road,0.700
cg_edge_112,cg_edge_112_0,0,75.069,0.000,city_road,0.700
cg_edge_113,cg_edge_113_0,0,33.289,0.000,city_road,0.700
cg_edge_114,cg_edge_114_0,0,276.267,0.000,city_road,0.700
cg_edge_115,cg_edge_115_0,0,84.477,0.000,city_road,0.700
cg_edge_116,cg_edge_116_0,0,25.979,0.000,city_road,0.700
cg_edge_117,cg_edge_117_0,0,296.659,0.000,city_road,0.700
cg_edge_118,cg_edge_118_0,0,45.613,0.000,city_road,0.700
cg_edge_119,cg_edge_119_0,0,17.138,0.000,city_road,0.700
cg_edge_120,cg_edge_120_0,0,186.201,0.000,city_road,0.700
cg_edge_121,cg_edge_121_0,0,52.345,0.000,city_road,0.700
cg_edge_122,cg_edge_122_0,0,322.002,0.000,city_road,0.700
cg_edge_123,cg_edge_123_0,0,104.513,0.000,city_road,0.700
cg_edge_124,cg_edge_124_0,0,199.194,0.000,city_road,0.700
cg_edge_125,cg_edge_125_0,0,36.756,0.000,city_road,0.700
cg_edge_126,cg_edge_126_0,0,59.443,0.000,city_road,0.700
cg_edge_127,cg_edge_127_0,0,132.545,0.000,city_road,0.700
cg_edge_128,cg_edge_128_0,0,39.137,0.000,city_road,0.700
cg_edge_129,cg_edge_129_0,0,102.837,0.000,city_road,0.700
cg_edge_130,cg_edge_130_0,0,53.422,0.000,city_road,0.700
cg_edge_131,cg_edge_131_0,0,38.200,0.000,city_road,0.700
cg_edge_132,cg_edge_132_0,0,307.817,0.000,city_road,0.700
cg_edge_133,cg_edge_133_0,0,80.202,0.000,city_road,0.700
cg_edge_134,cg_edge_134_0,0,176.443,0.000,city_road,0.700
cg_edge_135,cg_edge_135_0,0,28.909,0.000,city_road,0.700
cg_edge_136,cg_edge_136_0,0,45.015,0.000,city_road,0.700
cg_edge_137,cg_edge_137_0,0,164.416,0.000,city_road,0.700
cg_edge_138,cg_edge_138_0,0,86.171,0.000,city_road,0.700
cg_edge_139,cg_edge_139_0,0,596.443,0.000,city_road,0.700
cg_edge_140,cg_edge_140_0,0,145.280,0.000,city_road,0.700
cg_edge_141,cg_edge_141_0,0,122.667,0.000,city_road,0.700
cg_edge_142,cg_edge_142_0,0,231.816,0.000,city_road,0.700
cg_edge_143,cg_edge_143_0,0,56.787,0.000,city_road,0.700
cg_edge_144,cg_edge_144_0,0,250.482,0.000,city_road,0.700
cg_edge_145,cg_edge_145_0,0,100.353,0.000,city_road,0.700
cg_edge_146,cg_edge_146_0,0,44.451,0.000,city_road,0.700
cg_edge_147,cg_edge_147_0,0,48.508,0.000,city_road,0.700
cg_edge_148,cg_edge_148_0,0,58.615,0.000,city_road,0.700
cg_edge_149,cg_edge_149_0,0,19.678,0.000,city_road,0.700
cg_edge_150,cg_edge_150_0,0,174.437,0.000,city_road,0.700
cg_edge_151,cg_edge_151_0,0,72.307,0.000,city_road,0.700
cg_edge_152,cg_edge_152_0,0,33.741,0.000,city_road,0.700
cg_edge_153,cg_edge_153_0,0,66.527,0.000,city_road,0.700
cg_edge_154,cg_edge_154_0,0,71.736,0.000,city_road,0.700
cg_edge_155,cg_edge_155_0,0,54.227,0.000,city_road,0.700
cg_edge_156,cg_edge_156_0,0,148.127,0.000,city_road,0.700
cg_edge_157,cg_edge_157_0,0,161.368,0.000,city_road,0.700
cg_edge_158,cg_edge_158_0,0,48.211,0.000,city_road,0.700
cg_edge_159,cg_edge_159_0,0,61.994,0.000,city_road,0.700
cg_edge_160,cg_edge_160_0,0,47.256,0.000,city_road,0.700
cg_edge_161,cg_edge_161_0,0,41.236,0.000,city_road,0.700
cg_edge_162,cg_edge_162_0,0,119.095,0.000,city_road,0.700
cg_edge_163,cg_edge_163_0,0,97.937,0.000,city_road,0.700
cg_edge_164,cg_edge_164_0,0,129.486,0.000,city_road,0.700
cg_edge_165,cg_edge_165_0,0,13.890,0.000,city_road,0.700
cg_edge_166,cg_edge_166_0,0,36.662,0.000,city_road,0.700
cg_edge_167,cg_edge_167_0,0,51.561,0.000,city_road,0.700
cg_edge_168,cg_edge_168_0,0,87.991,0.000,city_road,0.700
cg_edge_169,cg_edge_169_0,0,44.435,0.000,city_road,0.700
cg_edge_170,cg_edge_170_0,0,37.978,0.000,city_road,0.700
cg_edge_171,cg_edge_171_0,0,99.467,0.000,city_road,0.700
cg_edge_172,cg_edge_172_0,0,45.719,0.000,city_road,0.700
cg_edge_173,cg_edge_173_0,0,38.961,0.000,city_road,0.700
cg_edge_174,cg_edge_174_0,0,47.606,0.000,city_road,0.700
cg_edge_175,cg_edge_175_0,0,77.392,0.000,city_road,0.700
cg_edge_176,cg_edge_176_0,0,239.821,0.000,city_road,0.700
cg_edge_177,cg_edge_177_0,0,242.932,0.000,city_road,0.700
cg_edge_178,cg_edge_178_0,0,76.085,0.000,city_road,0.700
cg_edge_179,cg_edge_179_0,0,33.367,0.000,city_road,0.700
cg_edge_180,cg_edge_180_0,0,51.096,0.000,city_road,0.700
cg_edge_181,cg_edge_181_0,0,58.086,0.000,city_road,0.700
cg_edge_182,cg_edge_182_0,0,141.715,0.000,city_road,0.700
cg_edge_183,cg_edge_183_0,0,35.821,0.000,city_road,0.700
cg_edge_184,cg_edge_184_0,0,81.071,0.000,city_road,0.700
cg_edge_185,cg_edge_185_0,0,115.686,0.000,city_road,0.700
cg_edge_186,cg_edge_186_0,0,77.202,0.000,city_road,0.700
cg_edge_187,cg_edge_187_0,0,107.111,0.000,city_road,0.700
cg_edge_188,cg_edge_188_0,0,15.538,0.000,city_road,0.700
cg_edge_189,cg_edge_189_0,0,185.165,0.000,city_road,0.700
cg_edge_190,cg_edge_190_0,0,193.742,0.000,city_road,0.700
cg_edge_191,cg_edge_191_0,0,28.261,0.000,city_road,0.700
cg_edge_192,cg_edge_192_0,0,173.363,0.000,city_road,0.700
cg_edge_193,cg_edge_193_0,0,68.483,0.000,city_road,0.700
cg_edge_194,cg_edge_194_0,0,31.253,0.000,city_road,0.700
cg_edge_195,cg_edge_195_0,0,86.817,0.000,city_road,0.700
cg_edge_196,cg_edge_196_0,0,22.922,0.000,city_road,0.700
cg_edge_197,cg_edge_197_0,0,86.326,0.000,city_road,0.700
cg_edge_198,cg_edge_198_0,0,120.997,0.000,city_road,0.700
cg_edge_199,cg_edge_199_0,0,213.794,0.000,city_road,0.700
cg_edge_200,cg_edge_200_0,0,99.210,0.000,city_road,0.700
cg_edge_201,cg_edge_201_0,0,46.145,0.000,city_road,0.700
cg_edge_202,cg_edge_202_0,0,45.918,0.000,city_road,0.700
cg_edge_203,cg_edge_203_0,0,70.443,0.000,city_road,0.700
cg_edge_204,cg_edge_204_0,0,158.998,0.000,city_road,0.700
cg_edge_205,cg_edge_205_0,0,35.881,0.000,city_road,0.700
cg_edge_206,cg_edge_206_0,0,755.613,0.000,city_road,0.700
cg_edge_207,cg_edge_207_0,0,151.456,0.000,city_road,0.700
cg_edge_208,cg_edge_208_0,0,27.971,0.000,city_road,0.700
cg_edge_209,cg_edge_209_0,0,38.597,0.000,city_road,0.700
cg_edge_210,cg_edge_210_0,0,56.249,0.000,city_road,0.700
cg_edge_211,cg_edge_211_0,0,25.851,0.000,city_road,0.700
cg_edge_212,cg_edge_212_0,0,81.671,0.000,city_road,0.700
cg_edge_213,cg_edge_213_0,0,96.021,0.000,city_road,0.700
cg_edge_214,cg_edge_214_0,0,29.101,0.000,city_road,0.700
cg_edge_215,cg_edge_215_0,0,69.506,0.000,city_road,0.700
cg_edge_216,cg_edge_216_0,0,165.063,0.000,city_road,0.700
cg_edge_217,cg_edge_217_0,0,215.747,0.000,city_road,0.700
cg_edge_218,cg_edge_218_0,0,96.846,0.000,city_road,0.700
cg_edge_219,cg_edge_219_0,0,158.817,0.000,city_road,0.700
cg_edge_220,cg_edge_220_0,0,31.624,0.000,city_road,0.700
cg_edge_221,cg_edge_221_0,0,2.966,0.000,city_road,0.700
cg_edge_222,cg_edge_222_0,0,32.672,0.000,city_road,0.700
cg_edge_223,cg_edge_223_0,0,48.179,0.000,city_road,0.700
cg_edge_224,cg_edge_224_0,0,3.270,0.000,city_road,0.700
cg_edge_225,cg_edge_225_0,0,26.057,0.000,city_road,0.700
cg_edge_226,cg_edge_226_0,0,34.950,0.000,city_road,0.700
cg_edge_227,cg_edge_227_0,0,73.122,0.000,city_road,0.700
cg_edge_228,cg_edge_228_0,0,145.571,0.000,city_road,0.700
cg_edge_229,cg_edge_229_0,0,349.011,0.000,city_road,0.700
cg_edge_230,cg_edge_230_0,0,167.654,0.000,city_road,0.700
cg_edge_231,cg_edge_231_0,0,320.498,0.000,city_road,0.700
cg_edge_232,cg_edge_232_0,0,94.509,0.000,city_road,0.700
cg_edge_233,cg_edge_233_0,0,87.976,0.000,city_road,0.700
cg_edge_234,cg_edge_234_0,0,45.883,0.000,city_road,0.700
cg_edge_235,cg_edge_235_0,0,16.303,0.000,city_road,0.700
cg_edge_236,cg_edge_236_0,0,22.651,0.000,city_road,0.700
cg_edge_237,cg_edge_237_0,0,23.146,0.000,city_road,0.700
cg_edge_238,cg_edge_238_0,0,139.222,0.000,city_road,0.700
cg_edge_239,cg_edge_239_0,0,11.015,0.000,city_road,0.700
cg_edge_240,cg_edge_240_0,0,105.848,0.000,city_road,0.700
cg_edge_241,cg_edge_241_0,0,27.538,0.000,city_road,0.700
cg_edge_242,cg_edge_242_0,0,8.627,0.000,city_road,0.700
cg_edge_243,cg_edge_243_0,0,31.226,0.000,city_road,0.700
cg_edge_244,cg_edge_244_0,0,31.565,0.000,city_road,0.700
cg_edge_245,cg_edge_245_0,0,31.688,0.000,city_road,0.700
cg_edge_246,cg_edge_246_0,0,180.602,0.000,city_road,0.700
cg_edge_247,cg_edge_247_0,0,45.321,0.000,city_road,0.700
cg_edge_248,cg_edge_248_0,0,30.127,0.000,city_road,0.700
cg_edge_249,cg_edge_249_0,0,11.577,0.000,city_road,0.700
cg_edge_250,cg_edge_250_0,0,184.546,0.000,city_road,0.700
cg_edge_251,cg_edge_251_0,0,33.467,0.000,city_road,0.700
cg_edge_252,cg_edge_252_0,0,73.727,0.000,city_road,0.700
cg_edge_253,cg_edge_253_0,0,142.476,0.000,city_road,0.700
cg_edge_254,cg_edge_254_0,0,115.039,0.000,city_road,0.700
cg_edge_255,cg_edge_255_0,0,31.722,0.000,city_road,0.700
cg_edge_256,cg_edge_256_0,0,112.274,0.000,city_road,0.700
cg_edge_257,cg_edge_257_0,0,173.819,0.000,city_road,0.700
cg_edge_258,cg_edge_258_0,0,97.693,0.000,city_road,0.700
cg_edge_259,cg_edge_259_0,0,43.231,0.000,city_road,0.700
cg_edge_260,cg_edge_260_0,0,34.936,0.000,city_road,0.700
cg_edge_261,cg_edge_261_0,0,13.760,0.000,city_road,0.700
cg_edge_262,cg_edge_262_0,0,103.640,0.000,city_road,0.700
cg_edge_263,cg_edge_263_0,0,126.022,0.000,city_road,0.700
cg_edge_264,cg_edge_264_0,0,88.082,0.000,city_road,0.700
cg_edge_265,cg_edge_265_0,0,144.647,0.000,city_road,0.700
cg_edge_266,cg_edge_266_0,0,101.532,0.000,city_road,0.700
cg_edge_267,cg_edge_267_0,0,98.518,0.000,city_road,0.700
cg_edge_268,cg_edge_268_0,0,69.233,0.000,city_road,0.700
cg_edge_269,cg_edge_269_0,0,20.684,0.000,city_road,0.700
cg_edge_270,cg_edge_270_0,0,11.780,0.000,city_road,0.700
cg_edge_271,cg_edge_271_0,0,150.280,0.000,city_road,0.700
cg_edge_272,cg_edge_272_0,0,55.878,0.000,city_road,0.700
cg_edge_273,cg_edge_273_0,0,161.191,0.000,city_road,0.700
cg_edge_274,cg_edge_274_0,0,139.282,0.000,city_road,0.700
cg_edge_275,cg_edge_275_0,0,22.760,0.000,city_road,0.700
cg_edge_276,cg_edge_276_0,0,48.861,0.000,city_road,0.700
cg_edge_277,cg_edge_277_0,0,54.002,0.000,city_road,0.700
cg_edge_278,cg_edge_278_0,0,57.729,0.000,city_road,0.700
cg_edge_279,cg_edge_279_0,0,510.417,0.000,city_road,0.700
cg_edge_280,cg_edge_280_0,0,53.854,0.000,city_road,0.700
cg_edge_281,cg_edge_281_0,0,43.919,0.000,city_road,0.700
cg_edge_282,cg_edge_282_0,0,24.281,0.000,city_road,0.700
cg_edge_283,cg_edge_283_0,0,102.626,0.000,city_road,0.700
cg_edge_284,cg_edge_284_0,0,175.664,0.000,city_road,0.700
cg_edge_285,cg_edge_285_0,0,63.125,0.000,city_road,0.700
cg_edge_286,cg_edge_286_0,0,105.561,0.000,city_road,0.700
cg_edge_287,cg_edge_287_0,0,295.427,0.000,city_road,0.700
cg_edge_288,cg_edge_288_0,0,21.248,0.000,city_road,0.700
cg_edge_289,cg_edge_289_0,0,54.876,0.000,city_road,0.700
cg_edge_290,cg_edge_290_0,0,29.502,0.000,city_road,0.700
cg_edge_291,cg_edge_291_0,0,114.222,0.000,city_road,0.700
cg_edge_292,cg_edge_292_0,0,106.003,0.000,city_road,0.700
cg_edge_293,cg_edge_293_0,0,57.685,0.000,city_road,0.700
cg_edge_294,cg_edge_294_0,0,114.721,0.000,city_road,0.700
cg_edge_295,cg_edge_295_0,0,35.459,0.000,city_road,0.700
cg_edge_296,cg_edge_296_0,0,60.094,0.000,city_road,0.700
cg_edge_297,cg_edge_297_0,0,55.856,0.000,city_road,0.700
cg_edge_298,cg_edge_298_0,0,23.074,0.000,city_road,0.700
cg_edge_299,cg_edge_299_0,0,281.873,0.000,city_road,0.700
cg_edge_300,cg_edge_300_0,0,234.703,0.000,city_road,0.700
cg_edge_301,cg_edge_301_0,0,54.523,0.000,city_road,0.700
cg_edge_302,cg_edge_302_0,0,17.832,0.000,city_road,0.700
cg_edge_303,cg_edge_303_0,0,31.230,0.000,city_road,0.700
cg_edge_304,cg_edge_304_0,0,154.409,0.000,city_road,0.700
cg_edge_305,cg_edge_305_0,0,56.102,0.000,city_road,0.700
cg_edge_306,cg_edge_306_0,0,48.741,0.000,city_road,0.700
cg_edge_307,cg_edge_307_0,0,19.549,0.000,city_road,0.700
cg_edge_308,cg_edge_308_0,0,88.312,0.000,city_road,0.700
cg_edge_309,cg_edge_309_0,0,103.870,0.000,city_road,0.700
cg_edge_310,cg_edge_310_0,0,92.584,0.000,city_road,0.700
cg_edge_311,cg_edge_311_0,0,31.780,0.000,city_road,0.700
cg_edge_312,cg_edge_312_0,0,58.366,0.000,city_road,0.700
cg_edge_313,cg_edge_313_0,0,219.766,0.000,city_road,0.700
cg_edge_314,cg_edge_314_0,0,86.841,0.000,city_road,0.700
cg_edge_315,cg_edge_315_0,0,85.076,0.000,city_road,0.700
cg_edge_316,cg_edge_316_0,0,34.410,0.000,city_road,0.700
cg_edge_317,cg_edge_317_0,0,57.904,0.000,city_road,0.700
cg_edge_318,cg_edge_318_0,0,6.180,0.000,city_road,0.700
cg_edge_319,cg_edge_319_0,0,158.136,0.000,city_road,0.700
cg_edge_320,cg_edge_320_0,0,19.702,0.000,city_road,0.700
cg_edge_321,cg_edge_321_0,0,72.704,0.000,city_road,0.700
cg_edge_322,cg_edge_322_0,0,126.868,0.000,city_road,0.700
cg_edge_323,cg_edge_323_0,0,136.302,0.000,city_road,0.700
cg_edge_324,cg_edge_324_0,0,40.725,0.000,city_road,0.700
cg_edge_325,cg_edge_325_0,0,43.428,0.000,city_road,0.700
cg_edge_326,cg_edge_326_0,0,77.273,0.000,city_road,0.700
cg_edge_327,cg_edge_327_0,0,65.962,0.000,city_road,0.700
cg_edge_328,cg_edge_328_0,0,65.272,0.000,city_road,0.700
cg_edge_329,cg_edge_329_0,0,73.809,0.000,city_road,0.700
cg_edge_330,cg_edge_330_0,0,20.364,0.000,city_road,0.700
cg_edge_331,cg_edge_331_0,0,46.718,0.000,city_road,0.700
cg_edge_332,cg_edge_332_0,0,167.747,0.000,city_road,0.700
cg_edge_333,cg_edge_333_0,0,59.534,0.000,city_road,0.700
cg_edge_334,cg_edge_334_0,0,48.200,0.000,city_road,0.700
cg_edge_335,cg_edge_335_0,0,184.921,0.000,city_road,0.700
cg_edge_336,cg_edge_336_0,0,82.061,0.000,city_road,0.700
cg_edge_337,cg_edge_337_0,0,31.400,0.000,city_road,0.700
cg_edge_338,cg_edge_338_0,0,19.271,0.000,city_road,0.700
cg_edge_339,cg_edge_339_0,0,33.200,0.000,city_road,0.700
cg_edge_340,cg_edge_340_0,0,21.278,0.000,city_road,0.700
cg_edge_341,cg_edge_341_0,0,38.825,0.000,city_road,0.700
cg_edge_342,cg_edge_342_0,0,63.022,0.000,city_road,0.700
cg_edge_343,cg_edge_343_0,0,45.039,0.000,city_road,0.700
cg_edge_344,cg_edge_344_0,0,33.836,0.000,city_road,0.700
cg_edge_345,cg_edge_345_0,0,178.565,0.000,city_road,0.700
cg_edge_346,cg_edge_346_0,0,49.977,0.000,city_road,0.700
cg_edge_347,cg_edge_347_0,0,16.401,0.000,city_road,0.700
cg_edge_348,cg_edge_348_0,0,28.025,0.000,city_road,0.700
cg_edge_349,cg_edge_349_0,0,7.609,0.000,city_road,0.700
cg_edge_350,cg_edge_350_0,0,15.619,0.000,city_road,0.700
cg_edge_351,cg_edge_351_0,0,45.553,0.000,city_road,0.700
cg_edge_352,cg_edge_352_0,0,6.371,0.000,city_road,0.700
cg_edge_353,cg_edge_353_0,0,129.019,0.000,city_road,0.700
cg_edge_354,cg_edge_354_0,0,57.219,0.000,city_road,0.700
cg_edge_355,cg_edge_355_0,0,39.841,0.000,city_road,0.700
cg_edge_356,cg_edge_356_0,0,44.309,0.000,city_road,0.700
cg_edge_357,cg_edge_357_0,0,91.843,0.000,city_road,0.700
cg_edge_358,cg_edge_358_0,0,83.371,0.000,city_road,0.700
cg_edge_359,cg_edge_359_0,0,68.164,0.000,city_road,0.700
cg_edge_360,cg_edge_360_0,0,27.663,0.000,city_road,0.700
cg_edge_361,cg_edge_361_0,0,50.659,0.000,city_road,0.700
cg_edge_362,cg_edge_362_0,0,65.311,0.000,city_road,0.700
cg_edge_363,cg_edge_363_0,0,26.763,0.000,city_road,0.700
cg_edge_364,cg_edge_364_0,0,235.663,0.000,city_road,0.700
cg_edge_365,cg_edge_365_0,0,22.195,0.000,city_road,0.700
cg_edge_366,cg_edge_366_0,0,73.762,0.000,city_road,0.700
cg_edge_367,cg_edge_367_0,0,26.722,0.000,city_road,0.700
cg_edge_368,cg_edge_368_0,0,71.654,0.000,city_road,0.700
cg_edge_369,cg_edge_369_0,0,261.057,0.000,city_road,0.700
cg_edge_370,cg_edge_370_0,0,19.781,0.000,city_road,0.700
cg_edge_371,cg_edge_371_0,0,42.036,0.000,city_road,0.700
cg_edge_372,cg_edge_372_0,0,34.024,0.000,city_road,0.700
cg_edge_373,cg_edge_373_0,0,10.335,0.000,city_road,0.700
cg_edge_374,cg_edge_374_0,0,45.742,0.000,city_road,0.700
cg_edge_375,cg_edge_375_0,0,23.358,0.000,city_road,0.700
cg_edge_376,cg_edge_376_0,0,47.381,0.000,city_road,0.700
cg_edge_377,cg_edge_377_0,0,116.890,0.000,city_road,0.700
cg_edge_378,cg_edge_378_0,0,108.611,0.000,city_road,0.700
cg_edge_379,cg_edge_379_0,0,36.550,0.000,city_road,0.700
cg_edge_380,cg_edge_380_0,0,63.909,0.000,city_road,0.700
cg_edge_381,cg_edge_381_0,0,84.145,0.000,city_road,0.700
cg_edge_382,cg_edge_382_0,0,96.374,0.000,city_road,0.700
cg_edge_383,cg_edge_383_0,0,192.762,0.000,city_road,0.700
cg_edge_384,cg_edge_384_0,0,53.223,0.000,city_road,0.700
cg_edge_385,cg_edge_385_0,0,77.917,0.000,city_road,0.700
cg_edge_386,cg_edge_386_0,0,123.138,0.000,city_road,0.700
cg_edge_387,cg_edge_387_0,0,26.940,0.000,city_road,0.700
cg_edge_388,cg_edge_388_0,0,47.799,0.000,city_road,0.700
cg_edge_389,cg_edge_389_0,0,44.235,0.000,city_road,0.700
cg_edge_390,cg_edge_390_0,0,39.701,0.000,city_road,0.700
cg_edge_391,cg_edge_391_0,0,379.544,0.000,city_road,0.700
cg_edge_392,cg_edge_392_0,0,6.685,0.000,city_road,0.700
cg_edge_393,cg_edge_393_0,0,9.358,0.000,city_road,0.700
cg_edge_394,cg_edge_394_0,0,196.178,0.000,city_road,0.700
cg_edge_395,cg_edge_395_0,0,16.120,0.000,city_road,0.700
cg_edge_396,cg_edge_396_0,0,15.503,0.000,city_road,0.700
cg_edge_397,cg_edge_397_0,0,145.060,0.000,city_road,0.700
cg_edge_398,cg_edge_398_0,0,26.569,0.000,city_road,0.700
cg_edge_399,cg_edge_399_0,0,133.426,0.000,city_road,0.700
cg_edge_400,cg_edge_400_0,0,62.866,0.000,city_road,0.700
cg_edge_401,cg_edge_401_0,0,31.998,0.000,city_road,0.700
cg_edge_402,cg_edge_402_0,0,19.420,0.000,city_road,0.700
cg_edge_403,cg_edge_403_0,0,178.448,0.000,city_road,0.700
cg_edge_404,cg_edge_404_0,0,14.986,0.000,city_road,0.700
cg_edge_405,cg_edge_405_0,0,154.858,0.000,city_road,0.700
cg_edge_406,cg_edge_406_0,0,43.776,0.000,city_road,0.700
cg_edge_407,cg_edge_407_0,0,36.101,0.000,city_road,0.700
cg_edge_408,cg_edge_408_0,0,56.419,0.000,city_road,0.700
cg_edge_409,cg_edge_409_0,0,24.443,0.000,city_road,0.700
cg_edge_410,cg_edge_410_0,0,21.922,0.000,city_road,0.700
cg_edge_411,cg_edge_411_0,0,106.429,0.000,city_road,0.700
cg_edge_412,cg_edge_412_0,0,42.161,0.000,city_road,0.700
cg_edge_413,cg_edge_413_0,0,112.964,0.000,city_road,0.700
cg_edge_414,cg_edge_414_0,0,42.478,0.000,city_road,0.700
cg_edge_415,cg_edge_415_0,0,35.227,0.000,city_road,0.700
cg_edge_416,cg_edge_416_0,0,108.716,0.000,city_road,0.700
cg_edge_417,cg_edge_417_0,0,13.132,0.000,city_road,0.700
cg_edge_418,cg_edge_418_0,0,27.262,0.000,city_road,0.700
cg_edge_419,cg_edge_419_0,0,42.829,0.000,city_road,0.700
cg_edge_420,cg_edge_420_0,0,69.405,0.000,city_road,0.700
cg_edge_421,cg_edge_421_0,0,25.025,0.000,city_road,0.700
cg_edge_422,cg_edge_422_0,0,17.571,0.000,city_road,0.700
cg_edge_423,cg_edge_423_0,0,45.116,0.000,city_road,0.700
cg_edge_424,cg_edge_424_0,0,36.589,0.000,city_road,0.700
cg_edge_425,cg_edge_425_0,0,34.176,0.000,city_road,0.700
cg_edge_426,cg_edge_426_0,0,4.103,0.000,city_road,0.700
cg_edge_427,cg_edge_427_0,0,62.575,0.000,city_road,0.700
cg_edge_428,cg_edge_428_0,0,46.911,0.000,city_road,0.700
cg_edge_429,cg_edge_429_0,0,99.732,0.000,city_road,0.700
cg_edge_430,cg_edge_430_0,0,97.705,0.000,city_road,0.700
cg_edge_431,cg_edge_431_0,0,109.693,0.000,city_road,0.700
cg_edge_432,cg_edge_432_0,0,81.807,0.000,city_road,0.700
cg_edge_433,cg_edge_433_0,0,42.813,0.000,city_road,0.700
cg_edge_434,cg_edge_434_0,0,19.627,0.000,city_road,0.700
cg_edge_435,cg_edge_435_0,0,17.559,0.000,city_road,0.700
cg_edge_436,cg_edge_436_0,0,56.370,0.000,city_road,0.700
cg_edge_437,cg_edge_437_0,0,142.297,0.000,city_road,0.700
cg_edge_438,cg_edge_438_0,0,115.996,0.000,city_road,0.700
cg_edge_439,cg_edge_439_0,0,62.869,0.000,city_road,0.700
cg_edge_440,cg_edge_440_0,0,128.839,0.000,city_road,0.700
cg_edge_441,cg_edge_441_0,0,72.655,0.000,city_road,0.700
cg_edge_442,cg_edge_442_0,0,27.241,0.000,city_road,0.700
cg_edge_443,cg_edge_443_0,0,121.642,0.000,city_road,0.700
cg_edge_444,cg_edge_444_0,0,44.548,0.000,city_road,0.700
cg_edge_445,cg_edge_445_0,0,150.250,0.000,city_road,0.700
cg_edge_446,cg_edge_446_0,0,64.407,0.000,city_road,0.700
cg_edge_447,cg_edge_447_0,0,83.500,0.000,city_road,0.700
cg_edge_448,cg_edge_448_0,0,51.971,0.000,city_road,0.700
cg_edge_449,cg_edge_449_0,0,86.829,0.000,city_road,0.700
cg_edge_450,cg_edge_450_0,0,195.872,0.000,city_road,0.700
cg_edge_451,cg_edge_451_0,0,162.300,0.000,city_road,0.700
cg_edge_452,cg_edge_452_0,0,60.348,0.000,city_road,0.700
cg_edge_453,cg_edge_453_0,0,23.008,0.000,city_road,0.700
cg_edge_454,cg_edge_454_0,0,26.086,0.000,city_road,0.700
cg_edge_455,cg_edge_455_0,0,75.954,0.000,city_road,0.700
cg_edge_456,cg_edge_456_0,0,49.755,0.000,city_road,0.700
cg_edge_457,cg_edge_457_0,0,28.128,0.000,city_road,0.700
cg_edge_458,cg_edge_458_0,0,104.348,0.000,city_road,0.700
cg_edge_459,cg_edge_459_0,0,69.530,0.000,city_road,0.700
cg_edge_460,cg_edge_460_0,0,162.398,0.000,city_road,0.700
cg_edge_461,cg_edge_461_0,0,40.315,0.000,city_road,0.700
cg_edge_462,cg_edge_462_0,0,142.705,0.000,city_road,0.700
cg_edge_463,cg_edge_463_0,0,20.016,0.000,city_road,0.700
cg_edge_464,cg_edge_464_0,0,21.715,0.000,city_road,0.700
cg_edge_465,cg_edge_465_0,0,79.873,0.000,city_road,0.700
cg_edge_466,cg_edge_466_0,0,32.600,0.000,city_road,0.700
cg_edge_467,cg_edge_467_0,0,64.641,0.000,city_road,0.700
cg_edge_468,cg_edge_468_0,0,57.066,0.000,city_road,0.700
cg_edge_469,cg_edge_469_0,0,121.807,0.000,city_road,0.700
cg_edge_470,cg_edge_470_0,0,252.930,0.000,city_road,0.700
cg_edge_471,cg_edge_471_0,0,33.677,0.000,city_road,0.700
cg_edge_472,cg_edge_472_0,0,6.740,0.000,city_road,0.700
cg_edge_473,cg_edge_473_0,0,48.670,0.000,city_road,0.700
cg_edge_474,cg_edge_474_0,0,58.684,0.000,city_road,0.700
cg_edge_475,cg_edge_475_0,0,32.754,0.000,city_road,0.700
cg_edge_476,cg_edge_476_0,0,90.974,0.000,city_road,0.700
cg_edge_477,cg_edge_477_0,0,59.298,0.000,city_road,0.700
cg_edge_478,cg_edge_478_0,0,101.863,0.000,city_road,0.700
cg_edge_479,cg_edge_479_0,0,90.864,0.000,city_road,0.700
cg_edge_480,cg_edge_480_0,0,11.337,0.000,city_road,0.700
cg_edge_481,cg_edge_481_0,0,72.968,0.000,city_road,0.700
cg_edge_482,cg_edge_482_0,0,20.766,0.000,city_road,0.700
cg_edge_483,cg_edge_483_0,0,6.117,0.000,city_road,0.700
cg_edge_484,cg_edge_484_0,0,11.461,0.000,city_road,0.700
cg_edge_485,cg_edge_485_0,0,89.538,0.000,city_road,0.700
cg_edge_486,cg_edge_486_0,0,34.794,0.000,city_road,0.700
cg_edge_487,cg_edge_487_0,0,12.141,0.000,city_road,0.700
cg_edge_488,cg_edge_488_0,0,50.759,0.000,city_road,0.700
cg_edge_489,cg_edge_489_0,0,50.222,0.000,city_road,0.700
cg_edge_490,cg_edge_490_0,0,34.955,0.000,city_road,0.700
cg_edge_491,cg_edge_491_0,0,94.627,0.000,city_road,0.700
cg_edge_492,cg_edge_492_0,0,44.113,0.000,city_road,0.700
cg_edge_493,cg_edge_493_0,0,40.609,0.000,city_road,0.700
cg_edge_494,cg_edge_494_0,0,61.800,0.000,city_road,0.700
cg_edge_495,cg_edge_495_0,0,115.353,0.000,city_road,0.700
cg_edge_496,cg_edge_496_0,0,32.341,0.000,city_road,0.700
cg_edge_497,cg_edge_497_0,0,15.354,0.000,city_road,0.700
cg_edge_498,cg_edge_498_0,0,56.776,0.000,city_road,0.700
cg_edge_499,cg_edge_499_0,0,61.900,0.000,city_road,0.700
cg_edge_500,cg_edge_500_0,0,157.650,0.000,city_road,0.700
cg_edge_501,cg_edge_501_0,0,55.470,0.000,city_road,0.700
cg_edge_502,cg_edge_502_0,0,34.248,0.000,city_road,0.700
cg_edge_503,cg_edge_503_0,0,58.275,0.000,city_road,0.700
cg_edge_504,cg_edge_504_0,0,30.948,0.000,city_road,0.700
cg_edge_505,cg_edge_505_0,0,99.814,0.000,city_road,0.700
cg_edge_506,cg_edge_506_0,0,17.087,0.000,city_road,0.700
cg_edge_507,cg_edge_507_0,0,45.769,0.000,city_road,0.700
cg_edge_508,cg_edge_508_0,0,66.340,0.000,city_road,0.700
cg_edge_509,cg_edge_509_0,0,27.443,0.000,city_road,0.700
cg_edge_510,cg_edge_510_0,0,48.511,0.000,city_road,0.700
cg_edge_511,cg_edge_511_0,0,57.004,0.000,city_road,0.700
cg_edge_512,cg_edge_512_0,0,77.407,0.000,city_road,0.700
cg_edge_513,cg_edge_513_0,0,84.153,0.000,city_road,0.700
cg_edge_514,cg_edge_514_0,0,56.234,0.000,city_road,0.700
cg_edge_515,cg_edge_515_0,0,31.761,0.000,city_road,0.700
cg_edge_516,cg_edge_516_0,0,58.142,0.000,city_road,0.700
cg_edge_517,cg_edge_517_0,0,11.449,0.000,city_road,0.700
cg_edge_518,cg_edge_518_0,0,21.900,0.000,city_road,0.700
cg_edge_519,cg_edge_519_0,0,190.118,0.000,city_road,0.700
cg_edge_520,cg_edge_520_0,0,106.566,0.000,city_road,0.700
cg_edge_521,cg_edge_521_0,0,34.192,0.000,city_road,0.700
cg_edge_522,cg_edge_522_0,0,52.096,0.000,city_road,0.700
cg_edge_523,cg_edge_523_0,0,152.908,0.000,city_road,0.700
cg_edge_524,cg_edge_524_0,0,215.623,0.000,city_road,0.700
cg_edge_525,cg_edge_525_0,0,30.551,0.000,city_road,0.700
cg_edge_526,cg_edge_526_0,0,15.490,0.000,city_road,0.700
cg_edge_527,cg_edge_527_0,0,45.237,0.000,city_road,0.700
cg_edge_528,cg_edge_528_0,0,21.978,0.000,city_road,0.700
cg_edge_529,cg_edge_529_0,0,67.632,0.000,city_road,0.700
cg_edge_530,cg_edge_530_0,0,97.954,0.000,city_road,0.700
cg_edge_531,cg_edge_531_0,0,39.368,0.000,city_road,0.700
cg_edge_532,cg_edge_532_0,0,19.882,0.000,city_road,0.700
cg_edge_533,cg_edge_533_0,0,57.890,0.000,city_road,0.700
cg_edge_534,cg_edge_534_0,0,127.799,0.000,city_road,0.700
cg_edge_535,cg_edge_535_0,0,63.340,0.000,city_road,0.700
cg_edge_536,cg_edge_536_0,0,37.469,0.000,city_road,0.700
cg_edge_537,cg_edge_537_0,0,28.141,0.000,city_road,0.700
cg_edge_538,cg_edge_538_0,0,14.130,0.000,city_road,0.700
cg_edge_539,cg_edge_539_0,0,51.476,0.000,city_road,0.700
cg_edge_540,cg_edge_540_0,0,60.189,0.000,city_road,0.700
cg_edge_541,cg_edge_541_0,0,95.840,0.000,city_road,0.700
cg_edge_542,cg_edge_542_0,0,87.477,0.000,city_road,0.700
cg_edge_543,cg_edge_543_0,0,45.837,0.000,city_road,0.700
cg_edge_544,cg_edge_544_0,0,21.185,0.000,city_road,0.700
cg_edge_545,cg_edge_545_0,0,66.684,0.000,city_road,0.700
cg_edge_546,cg_edge_546_0,0,147.312,0.000,city_road,0.700
cg_edge_547,cg_edge_547_0,0,70.012,0.000,city_road,0.700
cg_edge_548,cg_edge_548_0,0,103.420,0.000,city_road,0.700
cg_edge_549,cg_edge_549_0,0,71.713,0.000,city_road,0.700
cg_edge_550,cg_edge_550_0,0,210.525,0.000,city_road,0.700
cg_edge_551,cg_edge_551_0,0,68.548,0.000,city_road,0.700
cg_edge_552,cg_edge_552_0,0,19.137,0.000,city_road,0.700
cg_edge_553,cg_edge_553_0,0,44.648,0.000,city_road,0.700
cg_edge_554,cg_edge_554_0,0,37.016,0.000,city_road,0.700
cg_edge_555,cg_edge_555_0,0,31.991,0.000,city_road,0.700
cg_edge_556,cg_edge_556_0,0,19.654,0.000,city_road,0.700
cg_edge_557,cg_edge_557_0,0,42.700,0.000,city_road,0.700
cg_edge_558,cg_edge_558_0,0,126.203,0.000,city_road,0.700
cg_edge_559,cg_edge_559_0,0,70.489,0.000,city_road,0.700
cg_edge_560,cg_edge_560_0,0,91.546,0.000,city_road,0.700
cg_edge_561,cg_edge_561_0,0,41.521,0.000,city_road,0.700
cg_edge_562,cg_edge_562_0,0,38.470,0.000,city_road,0.700
cg_edge_563,cg_edge_563_0,0,125.246,0.000,city_road,0.700
cg_edge_564,cg_edge_564_0,0,36.714,0.000,city_road,0.700
cg_edge_565,cg_edge_565_0,0,9.935,0.000,city_road,0.700
cg_edge_566,cg_edge_566_0,0,165.539,0.000,city_road,0.700
cg_edge_567,cg_edge_567_0,0,35.979,0.000,city_road,0.700
cg_edge_568,cg_edge_568_0,0,43.716,0.000,city_road,0.700
cg_edge_569,cg_edge_569_0,0,43.547,0.000,city_road,0.700
cg_edge_570,cg_edge_570_0,0,47.545,0.000,city_road,0.700
cg_edge_571,cg_edge_571_0,0,36.634,0.000,city_road,0.700
cg_edge_572,cg_edge_572_0,0,43.950,0.000,city_road,0.700
cg_edge_573,cg_edge_573_0,0,27.822,0.000,city_road,0.700
cg_edge_574,cg_edge_574_0,0,37.219,0.000,city_road,0.700
cg_edge_575,cg_edge_575_0,0,45.198,0.000,city_road,0.700
cg_edge_576,cg_edge_576_0,0,25.734,0.000,city_road,0.700
cg_edge_577,cg_edge_577_0,0,103.110,0.000,city_road,0.700
cg_edge_578,cg_edge_578_0,0,36.646,0.000,city_road,0.700
cg_edge_579,cg_edge_579_0,0,38.216,0.000,city_road,0.700
cg_edge_580,cg_edge_580_0,0,99.199,0.000,city_road,0.700
cg_edge_581,cg_edge_581_0,0,65.163,0.000,city_road,0.700
cg_edge_582,cg_edge_582_0,0,82.630,0.000,city_road,0.700
cg_edge_583,cg_edge_583_0,0,85.155,0.000,city_road,0.700
cg_edge_584,cg_edge_584_0,0,40.290,0.000,city_road,0.700
cg_edge_585,cg_edge_585_0,0,9.456,0.000,city_road,0.700
cg_edge_586,cg_edge_586_0,0,45.070,0.000,city_road,0.700
cg_edge_587,cg_edge_587_0,0,91.001,0.000,city_road,0.700
cg_edge_588,cg_edge_588_0,0,35.626,0.000,city_road,0.700
cg_edge_589,cg_edge_589_0,0,123.828,0.000,city_road,0.700
cg_edge_590,cg_edge_590_0,0,76.906,0.000,city_road,0.700
cg_edge_591,cg_edge_591_0,0,7.970,0.000,city_road,0.700
cg_edge_592,cg_edge_592_0,0,38.363,0.000,city_road,0.700
cg_edge_593,cg_edge_593_0,0,146.558,0.000,city_road,0.700
cg_edge_594,cg_edge_594_0,0,29.794,0.000,city_road,0.700
cg_edge_595,cg_edge_595_0,0,45.914,0.000,city_road,0.700
cg_edge_596,cg_edge_596_0,0,2.023,0.000,city_road,0.700
cg_edge_597,cg_edge_597_0,0,54.604,0.000,city_road,0.700
cg_edge_598,cg_edge_598_0,0,80.355,0.000,city_road,0.700
cg_edge_599,cg_edge_599_0,0,77.872,0.000,city_road,0.700
cg_edge_600,cg_edge_600_0,0,37.587,0.000,city_road,0.700
cg_edge_601,cg_edge_601_0,0,40.127,0.000,city_road,0.700
cg_edge_602,cg_edge_602_0,0,53.372,0.000,city_road,0.700
cg_edge_603,cg_edge_603_0,0,24.083,0.000,city_road,0.700
cg_edge_604,cg_edge_604_0,0,30.947,0.000,city_road,0.700
cg_edge_605,cg_edge_605_0,0,43.260,0.000,city_road,0.700
cg_edge_606,cg_edge_606_0,0,21.668,0.000,city_road,0.700
cg_edge_607,cg_edge_607_0,0,133.291,0.000,city_road,0.700
cg_edge_608,cg_edge_608_0,0,12.727,0.000,city_road,0.700
cg_edge_609,cg_edge_609_0,0,20.840,0.000,city_road,0.700
cg_edge_610,cg_edge_610_0,0,106.592,0.000,city_road,0.700
cg_edge_611,cg_edge_611_0,0,57.445,0.000,city_road,0.700
cg_edge_612,cg_edge_612_0,0,27.231,0.000,city_road,0.700
cg_edge_613,cg_edge_613_0,0,170.515,0.000,city_road,0.700
cg_edge_614,cg_edge_614_0,0,90.699,0.000,city_road,0.700
cg_edge_615,cg_edge_615_0,0,99.250,0.000,city_road,0.700
cg_edge_616,cg_edge_616_0,0,76.054,0.000,city_road,0.700
cg_edge_617,cg_edge_617_0,0,12.872,0.000,city_road,0.700
cg_edge_618,cg_edge_618_0,0,271.173,0.000,city_road,0.700
cg_edge_619,cg_edge_619_0,0,4.411,0.000,city_road,0.700
cg_edge_620,cg_edge_620_0,0,19.625,0.000,city_road,0.700
cg_edge_621,cg_edge_621_0,0,24.715,0.000,city_road,0.700
cg_edge_622,cg_edge_622_0,0,37.863,0.000,city_road,0.700
cg_edge_623,cg_edge_623_0,0,56.021,0.000,city_road,0.700
cg_edge_624,cg_edge_624_0,0,33.033,0.000,city_road,0.700
cg_edge_625,cg_edge_625_0,0,31.150,0.000,city_road,0.700
cg_edge_626,cg_edge_626_0,0,58.093,0.000,city_road,0.700
cg_edge_627,cg_edge_627_0,0,27.927,0.000,city_road,0.700
cg_edge_628,cg_edge_628_0,0,32.081,0.000,city_road,0.700
cg_edge_629,cg_edge_629_0,0,52.176,0.000,city_road,0.700
cg_edge_630,cg_edge_630_0,0,35.237,0.000,city_road,0.700
cg_edge_631,cg_edge_631_0,0,26.559,0.000,city_road,0.700
cg_edge_632,cg_edge_632_0,0,61.516,0.000,city_road,0.700
cg_edge_633,cg_edge_633_0,0,35.632,0.000,city_road,0.700
cg_edge_634,cg_edge_634_0,0,22.890,0.000,city_road,0.700
cg_edge_635,cg_edge_635_0,0,76.193,0.000,city_road,0.700
cg_edge_636,cg_edge_636_0,0,52.059,0.000,city_road,0.700
cg_edge_637,cg_edge_637_0,0,13.428,0.000,city_road,0.700
cg_edge_638,cg_edge_638_0,0,10.497,0.000,city_road,0.700
cg_edge_639,cg_edge_639_0,0,24.576,0.000,city_road,0.700
cg_edge_640,cg_edge_640_0,0,153.704,0.000,city_road,0.700
cg_edge_641,cg_edge_641_0,0,29.938,0.000,city_road,0.700
cg_edge_642,cg_edge_642_0,0,0.343,0.000,city_road,0.700
cg_edge_643,cg_edge_643_0,0,55.363,0.000,city_road,0.700
cg_edge_644,cg_edge_644_0,0,18.848,0.000,city_road,0.700
cg_edge_645,cg_edge_645_0,0,29.191,0.000,city_road,0.700
cg_edge_646,cg_edge_646_0,0,77.169,0.000,city_road,0.700
cg_edge_647,cg_edge_647_0,0,42.879,0.000,city_road,0.700
cg_edge_648,cg_edge_648_0,0,595.348,0.000,city_road,0.700
cg_edge_649,cg_edge_649_0,0,58.196,0.000,city_road,0.700
cg_edge_650,cg_edge_650_0,0,20.411,0.000,city_road,0.700
cg_edge_651,cg_edge_651_0,0,99.983,0.000,city_road,0.700
cg_edge_652,cg_edge_652_0,0,39.205,0.000,city_road,0.700
cg_edge_653,cg_edge_653_0,0,75.627,0.000,city_road,0.700
cg_edge_654,cg_edge_654_0,0,85.758,0.000,city_road,0.700
cg_edge_655,cg_edge_655_0,0,31.179,0.000,city_road,0.700
cg_edge_656,cg_edge_656_0,0,39.272,0.000,city_road,0.700
cg_edge_657,cg_edge_657_0,0,101.225,0.000,city_road,0.700
cg_edge_658,cg_edge_658_0,0,24.409,0.000,city_road,0.700
cg_edge_659,cg_edge_659_0,0,30.641,0.000,city_road,0.700
cg_edge_660,cg_edge_660_0,0,72.694,0.000,city_road,0.700
cg_edge_661,cg_edge_661_0,0,29.994,0.000,city_road,0.700
cg_edge_662,cg_edge_662_0,0,47.767,0.000,city_road,0.700
cg_edge_663,cg_edge_663_0,0,41.418,0.000,city_road,0.700
cg_edge_664,cg_edge_664_0,0,64.971,0.000,city_road,0.700
cg_edge_665,cg_edge_665_0,0,135.752,0.000,city_road,0.700
cg_edge_666,cg_edge_666_0,0,31.334,0.000,city_road,0.700
cg_edge_667,cg_edge_667_0,0,56.702,0.000,city_road,0.700
cg_edge_668,cg_edge_668_0,0,50.102,0.000,city_road,0.700
cg_edge_669,cg_edge_669_0,0,35.369,0.000,city_road,0.700
cg_edge_670,cg_edge_670_0,0,100.197,0.000,city_road,0.700
cg_edge_671,cg_edge_671_0,0,85.957,0.000,city_road,0.700
cg_edge_672,cg_edge_672_0,0,169.240,0.000,city_road,0.700
cg_edge_673,cg_edge_673_0,0,21.434,0.000,city_road,0.700
cg_edge_674,cg_edge_674_0,0,37.909,0.000,city_road,0.700
cg_edge_675,cg_edge_675_0,0,49.653,0.000,city_road,0.700
cg_edge_676,cg_edge_676_0,0,19.632,0.000,city_road,0.700
cg_edge_677,cg_edge_677_0,0,91.004,0.000,city_road,0.700
cg_edge_678,cg_edge_678_0,0,51.656,0.000,city_road,0.700
cg_edge_679,cg_edge_679_0,0,30.903,0.000,city_road,0.700
cg_edge_680,cg_edge_680_0,0,41.051,0.000,city_road,0.700
cg_edge_681,cg_edge_681_0,0,62.212,0.000,city_road,0.700
cg_edge_682,cg_edge_682_0,0,8.000,0.000,city_road,0.700
cg_edge_683,cg_edge_683_0,0,57.560,0.000,city_road,0.700
cg_edge_684,cg_edge_684_0,0,61.074,0.000,city_road,0.700
cg_edge_685,cg_edge_685_0,0,26.922,0.000,city_road,0.700
cg_edge_686,cg_edge_686_0,0,40.605,0.000,city_road,0.700
cg_edge_687,cg_edge_687_0,0,33.888,0.000,city_road,0.700
cg_edge_688,cg_edge_688_0,0,31.390,0.000,city_road,0.700
cg_edge_689,cg_edge_689_0,0,7.489,0.000,city_road,0.700
cg_edge_690,cg_edge_690_0,0,43.738,0.000,city_road,0.700
cg_edge_691,cg_edge_691_0,0,28.938,0.000,city_road,0.700
cg_edge_692,cg_edge_692_0,0,165.006,0.000,city_road,0.700
cg_edge_693,cg_edge_693_0,0,36.007,0.000,city_road,0.700
cg_edge_694,cg_edge_694_0,0,44.821,0.000,city_road,0.700
cg_edge_695,cg_edge_695_0,0,51.610,0.000,city_road,0.700
cg_edge_696,cg_edge_696_0,0,62.846,0.000,city_road,0.700
cg_edge_697,cg_edge_697_0,0,55.076,0.000,city_road,0.700
cg_edge_698,cg_edge_698_0,0,64.459,0.000,city_road,0.700
cg_edge_699,cg_edge_699_0,0,29.592,0.000,city_road,0.700
cg_edge_700,cg_edge_700_0,0,46.027,0.000,city_road,0.700
cg_edge_701,cg_edge_701_0,0,59.359,0.000,city_road,0.700
cg_edge_702,cg_edge_702_0,0,172.117,0.000,city_road,0.700
cg_edge_703,cg_edge_703_0,0,126.485,0.000,city_road,0.700
cg_edge_704,cg_edge_704_0,0,31.596,0.000,city_road,0.700
cg_edge_705,cg_edge_705_0,0,26.527,0.000,city_road,0.700
cg_edge_706,cg_edge_706_0,0,25.918,0.000,city_road,0.700
cg_edge_707,cg_edge_707_0,0,41.639,0.000,city_road,0.700
cg_edge_708,cg_edge_708_0,0,60.570,0.000,city_road,0.700
cg_edge_709,cg_edge_709_0,0,74.351,0.000,city_road,0.700
cg_edge_710,cg_edge_710_0,0,16.285,0.000,city_road,0.700
cg_edge_711,cg_edge_711_0,0,60.002,0.000,city_road,0.700
cg_edge_712,cg_edge_712_0,0,25.423,0.000,city_road,0.700
cg_edge_713,cg_edge_713_0,0,47.443,0.000,city_road,0.700
cg_edge_714,cg_edge_714_0,0,44.947,0.000,city_road,0.700
cg_edge_715,cg_edge_715_0,0,4.379,0.000,city_road,0.700
cg_edge_716,cg_edge_716_0,0,150.112,0.000,city_road,0.700
cg_edge_717,cg_edge_717_0,0,51.491,0.000,city_road,0.700
cg_edge_718,cg_edge_718_0,0,72.149,0.000,city_road,0.700
cg_edge_719,cg_edge_719_0,0,5.688,0.000,city_road,0.700
cg_edge_720,cg_edge_720_0,0,11.228,0.000,city_road,0.700
cg_edge_721,cg_edge_721_0,0,134.533,0.000,city_road,0.700
cg_edge_722,cg_edge_722_0,0,42.996,0.000,city_road,0.700
cg_edge_723,cg_edge_723_0,0,118.475,0.000,city_road,0.700
cg_edge_724,cg_edge_724_0,0,69.028,0.000,city_road,0.700
cg_edge_725,cg_edge_725_0,0,35.872,0.000,city_road,0.700
cg_edge_726,cg_edge_726_0,0,87.105,0.000,city_road,0.700
cg_edge_727,cg_edge_727_0,0,21.030,0.000,city_road,0.700
cg_edge_728,cg_edge_728_0,0,67.773,0.000,city_road,0.700
cg_edge_729,cg_edge_729_0,0,34.224,0.000,city_road,0.700
cg_edge_730,cg_edge_730_0,0,46.741,0.000,city_road,0.700
cg_edge_731,cg_edge_731_0,0,91.143,0.000,city_road,0.700
cg_edge_732,cg_edge_732_0,0,54.647,0.000,city_road,0.700
cg_edge_733,cg_edge_733_0,0,35.908,0.000,city_road,0.700
cg_edge_734,cg_edge_734_0,0,62.029,0.000,city_road,0.700
cg_edge_735,cg_edge_735_0,0,75.757,0.000,city_road,0.700
cg_edge_736,cg_edge_736_0,0,43.693,0.000,city_road,0.700
cg_edge_737,cg_edge_737_0,0,41.306,0.000,city_road,0.700
cg_edge_738,cg_edge_738_0,0,74.333,0.000,city_road,0.700
cg_edge_739,cg_edge_739_0,0,54.418,0.000,city_road,0.700
cg_edge_740,cg_edge_740_0,0,27.960,0.000,city_road,0.700
cg_edge_741,cg_edge_741_0,0,27.784,0.000,city_road,0.700
cg_edge_742,cg_edge_742_0,0,46.195,0.000,city_road,0.700
cg_edge_743,cg_edge_743_0,0,21.159,0.000,city_road,0.700
cg_edge_744,cg_edge_744_0,0,52.406,0.000,city_road,0.700
cg_edge_745,cg_edge_745_0,0,15.137,0.000,city_road,0.700
cg_edge_746,cg_edge_746_0,0,68.439,0.000,city_road,0.700
cg_edge_747,cg_edge_747_0,0,67.030,0.000,city_road,0.700
cg_edge_748,cg_edge_748_0,0,83.332,0.000,city_road,0.700
cg_edge_749,cg_edge_749_0,0,30.782,0.000,city_road,0.700
cg_edge_750,cg_edge_750_0,0,36.835,0.000,city_road,0.700
cg_edge_751,cg_edge_751_0,0,16.252,0.000,city_road,0.700
cg_edge_752,cg_edge_752_0,0,22.989,0.000,city_road,0.700
cg_edge_753,cg_edge_753_0,0,20.540,0.000,city_road,0.700
cg_edge_754,cg_edge_754_0,0,63.582,0.000,city_road,0.700
cg_edge_755,cg_edge_755_0,0,38.756,0.000,city_road,0.700
cg_edge_756,cg_edge_756_0,0,63.771,0.000,city_road,0.700
cg_edge_757,cg_edge_757_0,0,40.344,0.000,city_road,0.700
cg_edge_758,cg_edge_758_0,0,78.860,0.000,city_road,0.700
cg_edge_759,cg_edge_759_0,0,90.178,0.000,city_road,0.700
cg_edge_760,cg_edge_760_0,0,52.021,0.000,city_road,0.700
cg_edge_761,cg_edge_761_0,0,18.018,0.000,city_road,0.700
cg_edge_762,cg_edge_762_0,0,109.360,0.000,city_road,0.700
cg_edge_763,cg_edge_763_0,0,71.628,0.000,city_road,0.700
cg_edge_764,cg_edge_764_0,0,25.489,0.000,city_road,0.700
cg_edge_765,cg_edge_765_0,0,36.001,0.000,city_road,0.700
cg_edge_766,cg_edge_766_0,0,108.472,0.000,city_road,0.700
cg_edge_767,cg_edge_767_0,0,24.125,0.000,city_road,0.700
cg_edge_768,cg_edge_768_0,0,49.033,0.000,city_road,0.700
cg_edge_769,cg_edge_769_0,0,43.091,0.000,city_road,0.700
cg_edge_770,cg_edge_770_0,0,69.889,0.000,city_road,0.700
cg_edge_771,cg_edge_771_0,0,86.502,0.000,city_road,0.700
cg_edge_772,cg_edge_772_0,0,50.116,0.000,city_road,0.700
cg_edge_773,cg_edge_773_0,0,37.543,0.000,city_road,0.700
cg_edge_774,cg_edge_774_0,0,74.473,0.000,city_road,0.700
cg_edge_775,cg_edge_775_0,0,51.817,0.000,city_road,0.700
cg_edge_776,cg_edge_776_0,0,51.003,0.000,city_road,0.700
cg_edge_777,cg_edge_777_0,0,26.900,0.000,city_road,0.700
cg_edge_778,cg_edge_778_0,0,75.882,0.000,city_road,0.700
cg_edge_779,cg_edge_779_0,0,73.474,0.000,city_road,0.700
cg_edge_780,cg_edge_780_0,0,48.450,0.000,city_road,0.700
cg_edge_781,cg_edge_781_0,0,18.156,0.000,city_road,0.700
cg_edge_782,cg_edge_782_0,0,135.224,0.000,city_road,0.700
cg_edge_783,cg_edge_783_0,0,114.344,0.000,city_road,0.700
cg_edge_784,cg_edge_784_0,0,49.027,0.000,city_road,0.700
cg_edge_785,cg_edge_785_0,0,18.715,0.000,city_road,0.700
cg_edge_786,cg_edge_786_0,0,24.473,0.000,city_road,0.700
cg_edge_787,cg_edge_787_0,0,40.840,0.000,city_road,0.700
cg_edge_788,cg_edge_788_0,0,16.105,0.000,city_road,0.700
cg_edge_789,cg_edge_789_0,0,23.598,0.000,city_road,0.700
cg_edge_790,cg_edge_790_0,0,26.092,0.000,city_road,0.700
cg_edge_791,cg_edge_791_0,0,20.477,0.000,city_road,0.700
cg_edge_792,cg_edge_792_0,0,40.371,0.000,city_road,0.700
cg_edge_793,cg_edge_793_0,0,20.644,0.000,city_road,0.700
cg_edge_794,cg_edge_794_0,0,43.728,0.000,city_road,0.700
cg_edge_795,cg_edge_795_0,0,30.782,0.000,city_road,0.700
cg_edge_796,cg_edge_796_0,0,23.799,0.000,city_road,0.700
cg_edge_797,cg_edge_797_0,0,23.633,0.000,city_road,0.700
cg_edge_798,cg_edge_798_0,0,34.205,0.000,city_road,0.700
cg_edge_799,cg_edge_799_0,0,44.013,0.000,city_road,0.700
cg_edge_800,cg_edge_800_0,0,60.589,0.000,city_road,0.700
cg_edge_801,cg_edge_801_0,0,37.521,0.000,city_road,0.700
cg_edge_802,cg_edge_802_0,0,36.376,0.000,city_road,0.700
cg_edge_803,cg_edge_803_0,0,40.598,0.000,city_road,0.700
cg_edge_804,cg_edge_804_0,0,61.119,0.000,city_road,0.700
cg_edge_805,cg_edge_805_0,0,34.837,0.000,city_road,0.700
cg_edge_806,cg_edge_806_0,0,34.304,0.000,city_road,0.700
cg_edge_807,cg_edge_807_0,0,49.818,0.000,city_road,0.700
cg_edge_808,cg_edge_808_0,0,32.886,0.000,city_road,0.700
cg_edge_809,cg_edge_809_0,0,69.991,0.000,city_road,0.700
cg_edge_810,cg_edge_810_0,0,31.884,0.000,city_road,0.700
cg_edge_811,cg_edge_811_0,0,28.056,0.000,city_road,0.700
cg_edge_812,cg_edge_812_0,0,41.375,0.000,city_road,0.700
cg_edge_813,cg_edge_813_0,0,42.215,0.000,city_road,0.700
cg_edge_814,cg_edge_814_0,0,33.678,0.000,city_road,0.700
cg_edge_815,cg_edge_815_0,0,34.852,0.000,city_road,0.700
cg_edge_816,cg_edge_816_0,0,16.416,0.000,city_road,0.700
cg_edge_817,cg_edge_817_0,0,30.302,0.000,city_road,0.700
cg_edge_818,cg_edge_818_0,0,21.049,0.000,city_road,0.700
cg_edge_819,cg_edge_819_0,0,96.561,0.000,city_road,0.700
cg_edge_820,cg_edge_820_0,0,20.215,0.000,city_road,0.700
cg_edge_821,cg_edge_821_0,0,19.041,0.000,city_road,0.700
cg_edge_822,cg_edge_822_0,0,26.146,0.000,city_road,0.700
cg_edge_823,cg_edge_823_0,0,40.398,0.000,city_road,0.700
cg_edge_824,cg_edge_824_0,0,26.906,0.000,city_road,0.700
cg_edge_825,cg_edge_825_0,0,268.553,0.000,city_road,0.700
cg_edge_826,cg_edge_826_0,0,83.869,0.000,city_road,0.700
cg_edge_827,cg_edge_827_0,0,51.978,0.000,city_road,0.700
cg_edge_828,cg_edge_828_0,0,39.698,0.000,city_road,0.700
cg_edge_829,cg_edge_829_0,0,37.131,0.000,city_road,0.700
cg_edge_830,cg_edge_830_0,0,18.684,0.000,city_road,0.700
cg_edge_831,cg_edge_831_0,0,75.651,0.000,city_road,0.700
cg_edge_832,cg_edge_832_0,0,42.591,0.000,city_road,0.700
cg_edge_833,cg_edge_833_0,0,43.944,0.000,city_road,0.700
cg_edge_834,cg_edge_834_0,0,45.580,0.000,city_road,0.700
cg_edge_835,cg_edge_835_0,0,83.755,0.000,city_road,0.700
cg_edge_836,cg_edge_836_0,0,22.369,0.000,city_road,0.700
cg_edge_837,cg_edge_837_0,0,15.056,0.000,city_road,0.700
cg_edge_838,cg_edge_838_0,0,39.457,0.000,city_road,0.700
cg_edge_839,cg_edge_839_0,0,103.221,0.000,city_road,0.700
cg_edge_840,cg_edge_840_0,0,14.460,0.000,city_road,0.700
cg_edge_841,cg_edge_841_0,0,13.423,0.000,city_road,0.700
cg_edge_842,cg_edge_842_0,0,52.101,0.000,city_road,0.700
cg_edge_843,cg_edge_843_0,0,19.149,0.000,city_road,0.700
cg_edge_844,cg_edge_844_0,0,163.660,0.000,city_road,0.700
cg_edge_845,cg_edge_845_0,0,17.423,0.000,city_road,0.700
cg_edge_846,cg_edge_846_0,0,39.163,0.000,city_road,0.700
cg_edge_847,cg_edge_847_0,0,26.125,0.000,city_road,0.700
cg_edge_848,cg_edge_848_0,0,49.704,0.000,city_road,0.700
cg_edge_849,cg_edge_849_0,0,49.380,0.000,city_road,0.700
cg_edge_850,cg_edge_850_0,0,18.031,0.000,city_road,0.700
cg_edge_851,cg_edge_851_0,0,23.636,0.000,city_road,0.700
cg_edge_852,cg_edge_852_0,0,18.334,0.000,city_road,0.700
cg_edge_853,cg_edge_853_0,0,56.777,0.000,city_road,0.700
cg_edge_854,cg_edge_854_0,0,38.942,0.000,city_road,0.700
cg_edge_855,cg_edge_855_0,0,40.741,0.000,city_road,0.700
cg_edge_856,cg_edge_856_0,0,43.636,0.000,city_road,0.700
cg_edge_857,cg_edge_857_0,0,47.129,0.000,city_road,0.700
cg_edge_858,cg_edge_858_0,0,182.312,0.000,city_road,0.700
cg_edge_859,cg_edge_859_0,0,46.251,0.000,city_road,0.700
cg_edge_860,cg_edge_860_0,0,41.188,0.000,city_road,0.700
cg_edge_861,cg_edge_861_0,0,45.175,0.000,city_road,0.700
cg_edge_862,cg_edge_862_0,0,18.369,0.000,city_road,0.700
cg_edge_863,cg_edge_863_0,0,47.960,0.000,city_road,0.700
cg_edge_864,cg_edge_864_0,0,43.855,0.000,city_road,0.700
cg_edge_865,cg_edge_865_0,0,30.029,0.000,city_road,0.700
cg_edge_866,cg_edge_866_0,0,23.950,0.000,city_road,0.700
cg_edge_867,cg_edge_867_0,0,28.957,0.000,city_road,0.700
cg_edge_868,cg_edge_868_0,0,3.374,0.000,city_road,0.700
cg_edge_869,cg_edge_869_0,0,20.629,0.000,city_road,0.700
cg_edge_870,cg_edge_870_0,0,26.334,0.000,city_road,0.700
cg_edge_871,cg_edge_871_0,0,26.843,0.000,city_road,0.700
cg_edge_872,cg_edge_872_0,0,56.527,0.000,city_road,0.700
cg_edge_873,cg_edge_873_0,0,0.182,0.000,city_road,0.700
cg_edge_874,cg_edge_874_0,0,138.592,0.000,city_road,0.700
cg_edge_875,cg_edge_875_0,0,207.248,0.000,city_road,0.700
cg_edge_876,cg_edge_876_0,0,96.901,0.000,city_road,0.700
cg_edge_877,cg_edge_877_0,0,26.233,0.000,city_road,0.700
cg_edge_878,cg_edge_878_0,0,28.659,0.000,city_road,0.700
cg_edge_879,cg_edge_879_0,0,18.007,0.000,city_road,0.700
cg_edge_880,cg_edge_880_0,0,131.054,0.000,city_road,0.700
cg_edge_881,cg_edge_881_0,0,28.180,0.000,city_road,0.700
cg_edge_882,cg_edge_882_0,0,14.946,0.000,city_road,0.700
cg_edge_883,cg_edge_883_0,0,78.583,0.000,city_road,0.700
cg_edge_884,cg_edge_884_0,0,15.475,0.000,city_road,0.700
cg_edge_885,cg_edge_885_0,0,30.586,0.000,city_road,0.700
cg_edge_886,cg_edge_886_0,0,53.801,0.000,city_road,0.700
